﻿{"cameraMode":{"drawMode":0,"name":"Shaded","section":"Shading Mode"},"sceneLighting":true,"audioPlay":false,"sceneViewState":{"showFog":true,"showMaterialUpdate":false,"showSkybox":false,"showFlares":true,"showImageEffects":true,"showParticleSystems":true},"in2DMode":false,"pivot":{"x":14.197602272033692,"y":20.509702682495118,"z":32.050384521484378},"rotation":{"x":0.09963515400886536,"y":-0.1170329600572586,"z":0.011799357831478119,"w":0.9880515336990356},"size":18.142976760864259,"orthographic":false}