﻿{"cameraMode":{"drawMode":0,"name":"Shaded","section":"Shading Mode"},"sceneLighting":true,"audioPlay":false,"sceneViewState":{"showFog":true,"showMaterialUpdate":false,"showSkybox":true,"showFlares":true,"showImageEffects":true,"showParticleSystems":true},"in2DMode":false,"pivot":{"x":42.04996109008789,"y":11.93465805053711,"z":59.419578552246097},"rotation":{"x":0.16655667126178742,"y":0.026619352400302888,"z":-0.0044981082901358608,"w":0.9856624007225037},"size":135.70034790039063,"orthographic":false}