﻿{"cameraMode":{"drawMode":0,"name":"Shaded","section":"Shading Mode"},"sceneLighting":true,"audioPlay":false,"sceneViewState":{"showFog":true,"showMaterialUpdate":false,"showSkybox":false,"showFlares":true,"showImageEffects":true,"showParticleSystems":true},"in2DMode":false,"pivot":{"x":22.803373336791993,"y":6.590386390686035,"z":46.67831039428711},"rotation":{"x":0.23369517922401429,"y":0.3513205051422119,"z":-0.09101810306310654,"w":0.9020425081253052},"size":40.010372161865237,"orthographic":false}